{
    "corner1": {
        "x": 16.58111755371094,
        "y": 19.489736328125,
        "z": 105.75288072374131
    },
    "corner2": {
        "x": 199.51810241699218,
        "y": 201.91524353027344,
        "z": 106.28804823133679
    },
    "corner3": {
        "x": 17.194848022460935,
        "y": 202.42789184570313,
        "z": 106.68362019856771
    },
    "corner4": {
        "x": 199.49939331054688,
        "y": 19.756137084960937,
        "z": 104.78064141167535
    },
    "zref1": {
        "x": 12.354423217773437,
        "y": 15.2681689453125,
        "z": 98.58391628689235
    },
    "zref2": {
        "x": 203.73909729003904,
        "y": 206.1456591796875,
        "z": 97.73801744249131
    },
    "zref3": {
        "x": 13.011801147460938,
        "y": 206.65926879882812,
        "z": 98.6647474500868
    },
    "zref4": {
        "x": 203.7071307373047,
        "y": 15.530015258789064,
        "z": 96.94043633355032
    }
}