{
    "corner1": {
        "x": 10.066349487304686,
        "y": 8.977012939453125,
        "z": 93.8354756673177
    },
    "corner2": {
        "x": 221.03696716308593,
        "y": 220.48005615234376,
        "z": 92.95685736762151
    },
    "corner3": {
        "x": 10.102938842773439,
        "y": 220.4782147216797,
        "z": 93.85395168728297
    },
    "corner4": {
        "x": 221.0320880126953,
        "y": 8.999285278320313,
        "z": 92.27425862630207
    }
}