{
    "transformation_matrix": [
        [
            0.9918445194073363,
            -0.00044722666636448665,
            -0.004752121201385609,
            105.3344485420994
        ],
        [
            0.0022420122235471186,
            0.9948299779545644,
            0.0060958630512665405,
            111.18565830636658
        ],
        [
            -0.00469983876113548,
            0.006066653800564432,
            -0.9999701284527192,
            90.71257580641651
        ],
        [
            0.0,
            0.0,
            0.0,
            1.0
        ]
    ],
    "metadata": {
        "theoretical_corners": [
            [
                -91.5,
                -91.5,
                0.0
            ],
            [
                91.5,
                91.5,
                0.0
            ],
            [
                -91.5,
                91.5,
                0.0
            ],
            [
                91.5,
                -91.5,
                0.0
            ]
        ],
        "projected_corners": [
            [
                14.930794778094716,
                19.98245697136595,
                90.5862189265004
            ],
            [
                196.35649934969257,
                202.44663117396033,
                90.83634607871592
            ],
            [
                14.230555254561462,
                201.97857140445805,
                91.69900317962043
            ],
            [
                195.81994478604878,
                20.33497367568191,
                89.72873504082935
            ]
        ],
        "transformed_corners": [
            [
                14.621596256300478,
                19.953571205069366,
                90.58751223030876
            ],
            [
                196.0473008278983,
                202.4177454076638,
                90.83763938252426
            ],
            [
                14.53975377635578,
                202.00745717075466,
                91.69770987581205
            ],
            [
                196.129143307843,
                20.36385944197849,
                89.72744173702097
            ]
        ]
    }
}