{
    "transform_matrix": [
        [
            1.4145996525529476,
            0.00015317544849987179,
            -0.007539508805103139,
            -162.76260236784427
        ],
        [
            -0.0001454666532171702,
            1.4146190053853824,
            0.001446755191762185,
            -162.39583226771785
        ],
        [
            0.007539661477351132,
            -0.0014459593403916798,
            1.4145989210249854,
            -132.13065179812645
        ],
        [
            0.0,
            0.0,
            0.0,
            1.0
        ]
    ],
    "metadata": {
        "theoretical_square_size": 298.80108,
        "aligned_corners": [
            [
                -105.506226990023,
                -105.74364351269317,
                0.1068887040113607
            ],
            [
                105.49292457178132,
                105.7325243745979,
                0.10691342511324556
            ],
            [
                -105.45346942404716,
                105.75476265078844,
                -0.10690218356150868
            ],
            [
                105.46677184228882,
                -105.74364351269317,
                -0.10689994556311191
            ]
        ]
    }
}