{
    "corner1": {
        "x": 14.963098144531248,
        "y": 19.941019287109373,
        "z": 97.38368896484374
    },
    "corner2": {
        "x": 196.39077209472657,
        "y": 202.40266723632814,
        "z": 98.0482246907552
    },
    "corner3": {
        "x": 14.26631103515625,
        "y": 201.932705078125,
        "z": 99.2229511176215
    },
    "corner4": {
        "x": 195.85887634277344,
        "y": 20.285033569335937,
        "z": 97.92094902886284
    },
    "zref1": {
        "x": 10.890208129882813,
        "y": 15.73121826171875,
        "z": 90.2793497721354
    },
    "zref2": {
        "x": 200.6002911376953,
        "y": 206.63022033691405,
        "z": 90.54371161566839
    },
    "zref3": {
        "x": 10.13463623046875,
        "y": 206.17819396972655,
        "z": 92.04221272786458
    },
    "zref4": {
        "x": 200.08464782714842,
        "y": 16.062872314453127,
        "z": 89.9824070909288
    }
}