{
    "corner1": {
        "x": 12.037150268554688,
        "y": 20.053735351562498,
        "z": 96.38018568250867
    },
    "corner2": {
        "x": 194.3142706298828,
        "y": 201.95014526367186,
        "z": 96.78803290473088
    },
    "corner3": {
        "x": 12.439513549804687,
        "y": 202.83941528320312,
        "z": 98.22164482964408
    },
    "corner4": {
        "x": 194.617021484375,
        "y": 20.061917114257813,
        "z": 96.32390597873263
    },
    "zref1": {
        "x": 7.856632690429687,
        "y": 15.843370361328125,
        "z": 90.12728908962673
    },
    "zref2": {
        "x": 198.50781494140625,
        "y": 206.18075744628905,
        "z": 90.1115569390191
    },
    "zref3": {
        "x": 8.265400390624999,
        "y": 207.07529968261719,
        "z": 90.7074266221788
    },
    "zref4": {
        "x": 198.8400030517578,
        "y": 15.835115966796875,
        "z": 89.48878499348957
    }
}