{
    "transformation_matrix": [
        [
            0.9959527431588894,
            -0.0012765227674860144,
            -0.003049556695096933,
            103.58369016809013
        ],
        [
            0.0008254663115922466,
            0.9938776017271832,
            0.005016186744395495,
            110.32743723473416
        ],
        [
            -0.0030331259268603266,
            0.004989454453732036,
            -0.9999827688887988,
            98.74809607800124
        ],
        [
            0.0,
            0.0,
            0.0,
            1.0
        ]
    ],
    "metadata": {
        "theoretical_corners": [
            [
                -91.5,
                -91.5,
                0.0
            ],
            [
                91.5,
                91.5,
                0.0
            ],
            [
                -91.5,
                91.5,
                0.0
            ],
            [
                91.5,
                -91.5,
                0.0
            ]
        ],
        "projected_corners": [
            [
                12.559993400603323,
                19.384361119979115,
                98.56948747136484
            ],
            [
                194.58574173223022,
                201.41502257107493,
                98.92749559178235
            ],
            [
                12.348034937500104,
                201.1194530144678,
                99.48176672925304
            ],
            [
                194.84099060202684,
                19.39091223341474,
                98.01363451960465
            ]
        ],
        "transformed_corners": [
            [
                12.570816002276715,
                19.312106509186208,
                98.56909201779249
            ],
            [
                194.59656433390353,
                201.34276796028212,
                98.92710013821
            ],
            [
                12.337212335826777,
                201.19170762526073,
                99.48216218282545
            ],
            [
                194.83016800035347,
                19.463166844207592,
                98.01402997317703
            ]
        ]
    }
}