{
    "corner1": {
        "x": 12.582269287109375,
        "y": 19.347719726562502,
        "z": 105.8739926486545
    },
    "corner2": {
        "x": 194.60948913574217,
        "y": 201.3759606933594,
        "z": 106.71452718098956
    },
    "corner3": {
        "x": 12.369124755859374,
        "y": 201.0847625732422,
        "z": 106.39734727647567
    },
    "corner4": {
        "x": 194.86535827636717,
        "y": 19.350830078125,
        "z": 106.0040596516927
    },
    "zref1": {
        "x": 8.410493164062501,
        "y": 15.161981201171873,
        "z": 98.22909979926214
    },
    "zref2": {
        "x": 198.7971417236328,
        "y": 205.61567321777343,
        "z": 98.60436143663193
    },
    "zref3": {
        "x": 8.150120849609374,
        "y": 205.33964233398436,
        "z": 99.84759629991318
    },
    "zref4": {
        "x": 199.0599578857422,
        "y": 15.147083129882812,
        "z": 98.31084621853297
    }
}