{
    "transformation_matrix": [
        [
            0.9957804064512634,
            0.00026196007724844933,
            -0.0032306274559938605,
            103.3299574556545
        ],
        [
            -0.002410012638897035,
            0.9963867572702778,
            0.0031528176067372187,
            111.24780415005868
        ],
        [
            -0.0032246267061219296,
            0.0031406114146398916,
            -0.9999898113417852,
            90.10893024848274
        ],
        [
            0.0,
            0.0,
            0.0,
            1.0
        ]
    ],
    "metadata": {
        "theoretical_corners": [
            [
                -91.5,
                -91.5,
                0.0
            ],
            [
                91.5,
                91.5,
                0.0
            ],
            [
                -91.5,
                91.5,
                0.0
            ],
            [
                91.5,
                -91.5,
                0.0
            ]
        ],
        "projected_corners": [
            [
                12.016914339392892,
                20.073483897199235,
                90.11647274733691
            ],
            [
                194.29266741411058,
                201.9712281647419,
                90.10109794899567
            ],
            [
                12.415186191334818,
                202.86315671583625,
                90.69149443684886
            ],
            [
                194.59506187777964,
                20.08334782245735,
                89.52665586074946
            ]
        ],
        "transformed_corners": [
            [
                12.192080918295659,
                20.29893201628734,
                90.11661764765334
            ],
            [
                194.46783399301333,
                202.19667628383002,
                90.10124284931213
            ],
            [
                12.240019612432121,
                202.63770859674818,
                90.69134953653244
            ],
            [
                194.41989529887687,
                19.857899703369185,
                89.52651096043303
            ]
        ]
    }
}